610gzNqwaSz89u6YIpDlyZ,NEVEREVER,"Destroy Lonely",https://open.spotify.com/track/610gzNqwaSz89u6YIpDlyZ,spotify:track:610gzNqwaSz89u6YIpDlyZ
3L0IKstjUgDFVQAbQIRZRv,R.I.P.,"Playboi Carti",https://open.spotify.com/track/3L0IKstjUgDFVQAbQIRZRv,spotify:track:3L0IKstjUgDFVQAbQIRZRv
1JgkiUg9mSXSwcb5Gbi4Ur,"Lean 4 Real (feat. Skepta)","Playboi Carti,Skepta",https://open.spotify.com/track/1JgkiUg9mSXSwcb5Gbi4Ur,spotify:track:1JgkiUg9mSXSwcb5Gbi4Ur
45Ln3F9PRPYTXBcMFkZMzS,"R.I.P. Fredo (feat. Young Nudy) - Notice Me","Playboi Carti,Young Nudy",https://open.spotify.com/track/45Ln3F9PRPYTXBcMFkZMzS,spotify:track:45Ln3F9PRPYTXBcMFkZMzS
3cWmqvMwVQKDigWLSZ3w9h,"Rockstar Made","Playboi Carti",https://open.spotify.com/track/3cWmqvMwVQKDigWLSZ3w9h,spotify:track:3cWmqvMwVQKDigWLSZ3w9h
2lLG56qpLP3UbcLuzMvkWX,"Stop Breathing","Playboi Carti",https://open.spotify.com/track/2lLG56qpLP3UbcLuzMvkWX,spotify:track:2lLG56qpLP3UbcLuzMvkWX
4txKMpsSfZRV6durPuHVq0,"New Tank","Playboi Carti",https://open.spotify.com/track/4txKMpsSfZRV6durPuHVq0,spotify:track:4txKMpsSfZRV6durPuHVq0
0ipVeLBnrx1oYyVLLR80mm,Beauty,"ROCKET,Showbiz School",https://open.spotify.com/track/0ipVeLBnrx1oYyVLLR80mm,spotify:track:0ipVeLBnrx1oYyVLLR80mm
3wn8nOygkHLUQ9dlXM1rKW,Poppin,Yeat,https://open.spotify.com/track/3wn8nOygkHLUQ9dlXM1rKW,spotify:track:3wn8nOygkHLUQ9dlXM1rKW
3ruoIF2UnoXdzK8mR61ebq,"Rich Nigga Shit (feat. Young Thug)","21 Savage,Metro Boomin,Young Thug",https://open.spotify.com/track/3ruoIF2UnoXdzK8mR61ebq,spotify:track:3ruoIF2UnoXdzK8mR61ebq
0k4Xxpf3Ml9e0UFYacCIDO,"U could tëll",Yeat,https://open.spotify.com/track/0k4Xxpf3Ml9e0UFYacCIDO,spotify:track:0k4Xxpf3Ml9e0UFYacCIDO
20O48JTG6O46tPAuZbliRA,"Gët Busy",Yeat,https://open.spotify.com/track/20O48JTG6O46tPAuZbliRA,spotify:track:20O48JTG6O46tPAuZbliRA
4aMxs74PXoQg2SLgjypcvb,Turban,Yeat,https://open.spotify.com/track/4aMxs74PXoQg2SLgjypcvb,spotify:track:4aMxs74PXoQg2SLgjypcvb
1RE3rZvv6kImf4fIZCjs2I,Yam,"sharkboy,Yeat",https://open.spotify.com/track/1RE3rZvv6kImf4fIZCjs2I,spotify:track:1RE3rZvv6kImf4fIZCjs2I
7gdhZ5u9T1tmvd3zud1yQZ,"Out My Way",LUCKI,https://open.spotify.com/track/7gdhZ5u9T1tmvd3zud1yQZ,spotify:track:7gdhZ5u9T1tmvd3zud1yQZ
3opC4kS9RpbNJw7aORFmGF,"Goin' To Hell",KANKAN,https://open.spotify.com/track/3opC4kS9RpbNJw7aORFmGF,spotify:track:3opC4kS9RpbNJw7aORFmGF
4KTP7qTGHtUCHEASskaaa7,"Get It","Wasteey Monroe,Tay-K",https://open.spotify.com/track/4KTP7qTGHtUCHEASskaaa7,spotify:track:4KTP7qTGHtUCHEASskaaa7
0Pz4zmRfZjAwK9nIP52s9e,"Not One of Dem",UnoTheActivist,https://open.spotify.com/track/0Pz4zmRfZjAwK9nIP52s9e,spotify:track:0Pz4zmRfZjAwK9nIP52s9e
37nYSBS0MfRCm913QwCCYo,"On tha linë",Yeat,https://open.spotify.com/track/37nYSBS0MfRCm913QwCCYo,spotify:track:37nYSBS0MfRCm913QwCCYo
3usWHldhgpQvKVaW5uC9Ke,"All In","Earl Sweatshirt,LUCKI",https://open.spotify.com/track/3usWHldhgpQvKVaW5uC9Ke,spotify:track:3usWHldhgpQvKVaW5uC9Ke
70B3eWw0ivRKxEvbbHQcjs,"Jus bëtter",Yeat,https://open.spotify.com/track/70B3eWw0ivRKxEvbbHQcjs,spotify:track:70B3eWw0ivRKxEvbbHQcjs
28JEFSyc3hjkHN4LpolsXt,"5 2 Üh 60 (feat. Yeat)","SeptembersRich,Yeat",https://open.spotify.com/track/28JEFSyc3hjkHN4LpolsXt,spotify:track:28JEFSyc3hjkHN4LpolsXt
1GAQCGqNVPWbM7Qm1cbi62,СТОМАТОЛОГИЧКА,"163ONMYNECK,BUSHIDO ZHO",https://open.spotify.com/track/1GAQCGqNVPWbM7Qm1cbi62,spotify:track:1GAQCGqNVPWbM7Qm1cbi62
1IqRoFm0NHj23m8L1CMqw2,"Forever Young",FACE,https://open.spotify.com/track/1IqRoFm0NHj23m8L1CMqw2,spotify:track:1IqRoFm0NHj23m8L1CMqw2
0uiRuMOx8yomKzVPMHE5Z9,More,ROCKET,https://open.spotify.com/track/0uiRuMOx8yomKzVPMHE5Z9,spotify:track:0uiRuMOx8yomKzVPMHE5Z9
4DcMqvjv5pcYVu9jTBhpDH,Инкассатор,ROCKET,https://open.spotify.com/track/4DcMqvjv5pcYVu9jTBhpDH,spotify:track:4DcMqvjv5pcYVu9jTBhpDH
77hy1Umsp0q0MSAwcj1RL4,"Everything Is Fine","ROCKET,LILDRUGHILL",https://open.spotify.com/track/77hy1Umsp0q0MSAwcj1RL4,spotify:track:77hy1Umsp0q0MSAwcj1RL4
4ksthl89nVr3tzPF4AFWM2,Trunk,"Phonk Killer,Kingpin Skinny Pimp",https://open.spotify.com/track/4ksthl89nVr3tzPF4AFWM2,spotify:track:4ksthl89nVr3tzPF4AFWM2
3ODnQyceMvWxB9j9SQ5fPx,Domino,LILDRUGHILL,https://open.spotify.com/track/3ODnQyceMvWxB9j9SQ5fPx,spotify:track:3ODnQyceMvWxB9j9SQ5fPx
5Ra4h5BqAnNqUzbz9dqChr,"DirtyToe (feat. Lil Toe) (feat. Lil Toe)","LIL MORTY,Lil Toe",https://open.spotify.com/track/5Ra4h5BqAnNqUzbz9dqChr,spotify:track:5Ra4h5BqAnNqUzbz9dqChr
381mOI2NNLbPKwnsF8AjYJ,"Brown Shuga","Sir Mix-A-Lot",https://open.spotify.com/track/381mOI2NNLbPKwnsF8AjYJ,spotify:track:381mOI2NNLbPKwnsF8AjYJ
0B1xarnfKvUFWUoFdQnooq,"RIOT (Rowdy Pipe'n)","A$AP Rocky,Pharrell Williams",https://open.spotify.com/track/0B1xarnfKvUFWUoFdQnooq,spotify:track:0B1xarnfKvUFWUoFdQnooq
3ZaEs1O8BG581qYPHpQ8d6,"I Smoked Away My Brain (I'm God x Demons Mashup) (feat. Imogen Heap & Clams Casino)","A$AP Rocky,Imogen Heap,Clams Casino",https://open.spotify.com/track/3ZaEs1O8BG581qYPHpQ8d6,spotify:track:3ZaEs1O8BG581qYPHpQ8d6
2oAuN2P84tdJCICqxdH1VV,BOMB,"¥$,Kanye West,Ty Dolla $ign",https://open.spotify.com/track/2oAuN2P84tdJCICqxdH1VV,spotify:track:2oAuN2P84tdJCICqxdH1VV
1akgiRM3mN2nxu2AX6ACCW,"I Love College","Asher Roth",https://open.spotify.com/track/1akgiRM3mN2nxu2AX6ACCW,spotify:track:1akgiRM3mN2nxu2AX6ACCW
5HDRg2qrvX9qb6COeuDwfs,"Back Down","50 Cent",https://open.spotify.com/track/5HDRg2qrvX9qb6COeuDwfs,spotify:track:5HDRg2qrvX9qb6COeuDwfs
3uqinR4FCjLv28bkrTdNX5,"A Milli","Lil Wayne",https://open.spotify.com/track/3uqinR4FCjLv28bkrTdNX5,spotify:track:3uqinR4FCjLv28bkrTdNX5
2tOZtdbkAMQASWokLvSlzj,"Overnight Celebrity (feat. Miri Ben-Ari)","Twista,Miri Ben-Ari",https://open.spotify.com/track/2tOZtdbkAMQASWokLvSlzj,spotify:track:2tOZtdbkAMQASWokLvSlzj
28drn6tQo95MRvO0jQEo5C,"Type Shit","Future,Metro Boomin,Travis Scott,Playboi Carti",https://open.spotify.com/track/28drn6tQo95MRvO0jQEo5C,spotify:track:28drn6tQo95MRvO0jQEo5C
4svCVV4VHEL3Z4efES868h,"Go DJ","Lil Wayne",https://open.spotify.com/track/4svCVV4VHEL3Z4efES868h,spotify:track:4svCVV4VHEL3Z4efES868h
14uUTfHIwIp587cz13UI5A,"Down 4 My N's","Snoop Dogg,C-Murder,Magic",https://open.spotify.com/track/14uUTfHIwIp587cz13UI5A,spotify:track:14uUTfHIwIp587cz13UI5A
5g9lS8deSIxItFBmZRC4vN,"Ambitionz Az A Ridah",2Pac,https://open.spotify.com/track/5g9lS8deSIxItFBmZRC4vN,spotify:track:5g9lS8deSIxItFBmZRC4vN
14QFCRFatWrySHli27ohAs,"Automotivo Sequência Intercelestial 2.0","DJ TWOZ,Mc Gw,Mc Delux,DJ TH Size",https://open.spotify.com/track/14QFCRFatWrySHli27ohAs,spotify:track:14QFCRFatWrySHli27ohAs
1Rq4GtIucW9CAcF8B6PAbW,"I Serve the Base",Future,https://open.spotify.com/track/1Rq4GtIucW9CAcF8B6PAbW,spotify:track:1Rq4GtIucW9CAcF8B6PAbW
3bA5Xfk5JyPGtBh00GX8Gk,"Ain't No Fun (If the Homies Cant Have None) (feat. Nate Dogg, Warren G & Kurupt)","Snoop Dogg,Kurupt,Warren G,Nate Dogg",https://open.spotify.com/track/3bA5Xfk5JyPGtBh00GX8Gk,spotify:track:3bA5Xfk5JyPGtBh00GX8Gk
4iz9lGMjU1lXS51oPmUmTe,Homecoming,"Kanye West,Chris Martin",https://open.spotify.com/track/4iz9lGMjU1lXS51oPmUmTe,spotify:track:4iz9lGMjU1lXS51oPmUmTe
0NrtwAmRAdLxua31SzHvXr,"Everything I Am","Kanye West,DJ Premier",https://open.spotify.com/track/0NrtwAmRAdLxua31SzHvXr,spotify:track:0NrtwAmRAdLxua31SzHvXr
14p60PiibNloesz8pDovLI,"Dëserve it",Yeat,https://open.spotify.com/track/14p60PiibNloesz8pDovLI,spotify:track:14p60PiibNloesz8pDovLI
2oMOqX9k4k16odibNkYyrD,"r - Cali","A$AP Rocky",https://open.spotify.com/track/2oMOqX9k4k16odibNkYyrD,spotify:track:2oMOqX9k4k16odibNkYyrD
4woTEX1wYOTGDqNXuavlRC,Superman,"Eminem,Dina Rae",https://open.spotify.com/track/4woTEX1wYOTGDqNXuavlRC,spotify:track:4woTEX1wYOTGDqNXuavlRC
12CdB878c6n94tTlNfPcCv,"Who Am I (What's My Name)?","Snoop Dogg",https://open.spotify.com/track/12CdB878c6n94tTlNfPcCv,spotify:track:12CdB878c6n94tTlNfPcCv
7KwZNVEaqikRSBSpyhXK2j,"Hypnotize - 2014 Remaster","The Notorious B.I.G.",https://open.spotify.com/track/7KwZNVEaqikRSBSpyhXK2j,spotify:track:7KwZNVEaqikRSBSpyhXK2j
0OSyytXWtlGrjXpeta3Idg,Witness,"Mindless Self Indulgence",https://open.spotify.com/track/0OSyytXWtlGrjXpeta3Idg,spotify:track:0OSyytXWtlGrjXpeta3Idg
2D2w9943rsnJOGCrI4aMQp,"My Choppa Hate Niggas","21 Savage,Metro Boomin",https://open.spotify.com/track/2D2w9943rsnJOGCrI4aMQp,spotify:track:2D2w9943rsnJOGCrI4aMQp
1tN7YmCJmiDCACBuJAScYl,Greatest,Eminem,https://open.spotify.com/track/1tN7YmCJmiDCACBuJAScYl,spotify:track:1tN7YmCJmiDCACBuJAScYl
4vvkdSOfuve7DBxsrVzVDP,"Slip & Slide","Big Baby Tape,kizaru",https://open.spotify.com/track/4vvkdSOfuve7DBxsrVzVDP,spotify:track:4vvkdSOfuve7DBxsrVzVDP
2auYgZ1GcTkWj2bOaE2Wwm,"Junya pt 2","Kanye West",https://open.spotify.com/track/2auYgZ1GcTkWj2bOaE2Wwm,spotify:track:2auYgZ1GcTkWj2bOaE2Wwm
0Y7di9ZCmB6Elad5WISaPc,Dedicate,"Lil Wayne",https://open.spotify.com/track/0Y7di9ZCmB6Elad5WISaPc,spotify:track:0Y7di9ZCmB6Elad5WISaPc
0U4bETGvA2xw24gyTloxIJ,"Demon Time (Lil Yachty feat. Draft Day)","Lil Yachty,Draft Day",https://open.spotify.com/track/0U4bETGvA2xw24gyTloxIJ,spotify:track:0U4bETGvA2xw24gyTloxIJ
2vEZMMVZQ6PtJbobleWFOS,"Say She Luv Me","Chief Keef",https://open.spotify.com/track/2vEZMMVZQ6PtJbobleWFOS,spotify:track:2vEZMMVZQ6PtJbobleWFOS
319yaiawSNVAuRQIiV4QR8,R.I.P.,"LIL MORTY",https://open.spotify.com/track/319yaiawSNVAuRQIiV4QR8,spotify:track:319yaiawSNVAuRQIiV4QR8
7sycKW6BGv7eTXVdtWkqom,"Los Awesome","ScHoolboy Q,Jay Rock",https://open.spotify.com/track/7sycKW6BGv7eTXVdtWkqom,spotify:track:7sycKW6BGv7eTXVdtWkqom
0zO8ctW0UiuOefR87OeJOZ,"Collard Greens","ScHoolboy Q,Kendrick Lamar",https://open.spotify.com/track/0zO8ctW0UiuOefR87OeJOZ,spotify:track:0zO8ctW0UiuOefR87OeJOZ
2XHzzp1j4IfTNp1FTn7YFg,"Love Me","Lil Wayne,Drake,Future",https://open.spotify.com/track/2XHzzp1j4IfTNp1FTn7YFg,spotify:track:2XHzzp1j4IfTNp1FTn7YFg
4xKn7ETAkXUQBTuueJM3Ri,"good day","21 Savage",https://open.spotify.com/track/4xKn7ETAkXUQBTuueJM3Ri,spotify:track:4xKn7ETAkXUQBTuueJM3Ri
0Fs9cdPDhptWEDJmiCbkEW,"She Knows (feat. Amber Coffman & Cults)","J. Cole,Cults,Amber Coffman",https://open.spotify.com/track/0Fs9cdPDhptWEDJmiCbkEW,spotify:track:0Fs9cdPDhptWEDJmiCbkEW
4Hff1IjRbLGeLgFgxvHflk,DARE,Gorillaz,https://open.spotify.com/track/4Hff1IjRbLGeLgFgxvHflk,spotify:track:4Hff1IjRbLGeLgFgxvHflk
5DddJVNEGBfUxy9Dtr45gI,"Ladies Hit Squad","Skepta,A$AP NAST,D Double E",https://open.spotify.com/track/5DddJVNEGBfUxy9Dtr45gI,spotify:track:5DddJVNEGBfUxy9Dtr45gI
2gbFfZbNkhF0Mym9q2aiEl,"Hard 2 Kill (feat. JEEMBO)","Big Baby Tape,JEEMBO",https://open.spotify.com/track/2gbFfZbNkhF0Mym9q2aiEl,spotify:track:2gbFfZbNkhF0Mym9q2aiEl
3WSBOiXdV09RjUoy5weP1Y,MILF,"Big Baby Tape",https://open.spotify.com/track/3WSBOiXdV09RjUoy5weP1Y,spotify:track:3WSBOiXdV09RjUoy5weP1Y
2FY1IlminwSFudBXSx2fbR,"1000 Shells (feat. Loco OG Rocka)","Big Baby Tape,Loco OG Rocka",https://open.spotify.com/track/2FY1IlminwSFudBXSx2fbR,spotify:track:2FY1IlminwSFudBXSx2fbR
5e275YT1yUUCYJ6wBkY7Cd,"Squeeze It (feat. Lil Wyte & Frayser Boy)","Three 6 Mafia,Lil Wyte,Frayser Boy",https://open.spotify.com/track/5e275YT1yUUCYJ6wBkY7Cd,spotify:track:5e275YT1yUUCYJ6wBkY7Cd
26M5PTa2xl6NSwm7D3CONp,"Hit a Muthafucka","Three 6 Mafia",https://open.spotify.com/track/26M5PTa2xl6NSwm7D3CONp,spotify:track:26M5PTa2xl6NSwm7D3CONp
1h6kgem1ai8vUgO1rZOwfB,"I Don't Like","Chief Keef,Lil Reese",https://open.spotify.com/track/1h6kgem1ai8vUgO1rZOwfB,spotify:track:1h6kgem1ai8vUgO1rZOwfB
5MYFw4T2gy52pOGBN4EYHS,"Stay Fly","Three 6 Mafia",https://open.spotify.com/track/5MYFw4T2gy52pOGBN4EYHS,spotify:track:5MYFw4T2gy52pOGBN4EYHS
3oZUlZMXkj51AyYG8lGaE7,"Shut Me Up","Mindless Self Indulgence",https://open.spotify.com/track/3oZUlZMXkj51AyYG8lGaE7,spotify:track:3oZUlZMXkj51AyYG8lGaE7
3dl8bSF08LQfCf4T6CCksf,"On That Time","Playboi Carti",https://open.spotify.com/track/3dl8bSF08LQfCf4T6CCksf,spotify:track:3dl8bSF08LQfCf4T6CCksf
5Ryu0SlsYjKh78RkJUONFr,"Flex Up (feat. Future & Playboi Carti)","Lil Yachty,Future,Playboi Carti",https://open.spotify.com/track/5Ryu0SlsYjKh78RkJUONFr,spotify:track:5Ryu0SlsYjKh78RkJUONFr
4CzhtKifG867Lu5DNQVBSA,"Vamp Anthem","Playboi Carti",https://open.spotify.com/track/4CzhtKifG867Lu5DNQVBSA,spotify:track:4CzhtKifG867Lu5DNQVBSA
0Dk9lP1YnOqssHH0oCeq9u,"I <3 My Choppa",Tay-K,https://open.spotify.com/track/0Dk9lP1YnOqssHH0oCeq9u,spotify:track:0Dk9lP1YnOqssHH0oCeq9u
7d19457woBxmPRCq255YqM,"The Race - Remix","Tay-K,21 Savage,Young Nudy",https://open.spotify.com/track/7d19457woBxmPRCq255YqM,spotify:track:7d19457woBxmPRCq255YqM
2oHM9KAdFdFvDCaE4V6RST,"Hate Bein' Sober","Chief Keef,50 Cent,Wiz Khalifa",https://open.spotify.com/track/2oHM9KAdFdFvDCaE4V6RST,spotify:track:2oHM9KAdFdFvDCaE4V6RST
1WRzux3cJRM9xRNN99QKgR,"M.... She Wrote",Tay-K,https://open.spotify.com/track/1WRzux3cJRM9xRNN99QKgR,spotify:track:1WRzux3cJRM9xRNN99QKgR
3wGXyJGsCf1myH5MooQIqE,"The Race",Tay-K,https://open.spotify.com/track/3wGXyJGsCf1myH5MooQIqE,spotify:track:3wGXyJGsCf1myH5MooQIqE
5egD7A5x9AHdVO2fMo3Wbo,"Silly Watch","Lil Uzi Vert",https://open.spotify.com/track/5egD7A5x9AHdVO2fMo3Wbo,spotify:track:5egD7A5x9AHdVO2fMo3Wbo
34lfu3S4fIcKZRNXzbdbo7,"Live Another Day",Kordhell,https://open.spotify.com/track/34lfu3S4fIcKZRNXzbdbo7,spotify:track:34lfu3S4fIcKZRNXzbdbo7
6qyS9qBy0mEk3qYaH8mPss,"Murder In My Mind",Kordhell,https://open.spotify.com/track/6qyS9qBy0mEk3qYaH8mPss,spotify:track:6qyS9qBy0mEk3qYaH8mPss
5mnpMkzp3Z2RCCbwIEZCbv,"Phonky Town",PlayaPhonk,https://open.spotify.com/track/5mnpMkzp3Z2RCCbwIEZCbv,spotify:track:5mnpMkzp3Z2RCCbwIEZCbv
5JzYxaq9mgcaO4H7c6QF1q,"HOLY SMOKES!",SXMPRA,https://open.spotify.com/track/5JzYxaq9mgcaO4H7c6QF1q,spotify:track:5JzYxaq9mgcaO4H7c6QF1q
7BMQKWEdSZOZj33Tg2hfGm,"Phonky Trap","Suave Lee",https://open.spotify.com/track/7BMQKWEdSZOZj33Tg2hfGm,spotify:track:7BMQKWEdSZOZj33Tg2hfGm
1SLTj0u1xTjx7naSQDJk1j,"SHADOW - Sped Up","ONIMXRU,SMITHMANE",https://open.spotify.com/track/1SLTj0u1xTjx7naSQDJk1j,spotify:track:1SLTj0u1xTjx7naSQDJk1j
1tkHHqMZaVoNtQvC32Om8X,"PSYCHO CRUISE","ONIMXRU,STRAWANGLE",https://open.spotify.com/track/1tkHHqMZaVoNtQvC32Om8X,spotify:track:1tkHHqMZaVoNtQvC32Om8X
55YAkx2jKPnFRqSUsldyxr,"Mom's Here","TTM,ZALLI",https://open.spotify.com/track/55YAkx2jKPnFRqSUsldyxr,spotify:track:55YAkx2jKPnFRqSUsldyxr
21tkMGNDXILtKpw4FogdTY,"Botada Eternal Phonk","DJ TREVAS",https://open.spotify.com/track/21tkMGNDXILtKpw4FogdTY,spotify:track:21tkMGNDXILtKpw4FogdTY
5l5KiiYcmR8kbHsg18VfqK,"Brazilian Phonk Mano","Slowboy,lucaf.,Crazy Mano",https://open.spotify.com/track/5l5KiiYcmR8kbHsg18VfqK,spotify:track:5l5KiiYcmR8kbHsg18VfqK
7FoanMQjdrrecBH8YiIti2,PHONKGASKAR,"Rushex,Jolixwery",https://open.spotify.com/track/7FoanMQjdrrecBH8YiIti2,spotify:track:7FoanMQjdrrecBH8YiIti2
6YC5ibtCMyXU1RQ1LkQLIn,"MONTAGEM - PR FUNK",S3BZS,https://open.spotify.com/track/6YC5ibtCMyXU1RQ1LkQLIn,spotify:track:6YC5ibtCMyXU1RQ1LkQLIn
11AJ5imzDdNU0gPLsmwZ9e,"Automotivo Sequência Intercelestial Slowed","DJ TWOZ,Mc Gw,Mc Delux",https://open.spotify.com/track/11AJ5imzDdNU0gPLsmwZ9e,spotify:track:11AJ5imzDdNU0gPLsmwZ9e
12FbZlYxIUv2rhB0oCQEhQ,"Sequência da Dz7","TRASHXRL,Mc Menor Do Alvorada",https://open.spotify.com/track/12FbZlYxIUv2rhB0oCQEhQ,spotify:track:12FbZlYxIUv2rhB0oCQEhQ
1cOOhtwpwDFIjsuZkp2KYJ,"THE AUTOTREM 1.0","DJ RICK 013,Mc Gw",https://open.spotify.com/track/1cOOhtwpwDFIjsuZkp2KYJ,spotify:track:1cOOhtwpwDFIjsuZkp2KYJ
0R902FnwJO8kBZYvtpQLrL,"YUM YUM","LXNGVX,Mc Gw",https://open.spotify.com/track/0R902FnwJO8kBZYvtpQLrL,spotify:track:0R902FnwJO8kBZYvtpQLrL
3tz2T3sjDeBffwnCZA3PGT,"Mtg Ensurdecência Estelar 1.0","FR3ST,Mc Gw",https://open.spotify.com/track/3tz2T3sjDeBffwnCZA3PGT,spotify:track:3tz2T3sjDeBffwnCZA3PGT
6A3uNmMItYREVU0mKY84DO,"AREAMATE MIZ",Anar,https://open.spotify.com/track/6A3uNmMItYREVU0mKY84DO,spotify:track:6A3uNmMItYREVU0mKY84DO
5olB6tpqsJ9W8AX6HdWQd5,"Montagem - Conga Conga (Slowed + Reverb)","DJ RAMON SP",https://open.spotify.com/track/5olB6tpqsJ9W8AX6HdWQd5,spotify:track:5olB6tpqsJ9W8AX6HdWQd5
7ePvr7zdTbhwT2p3CaUPgn,"AUTOMOTIVO ANGELICAL","Luiz7z,DJ ZK3",https://open.spotify.com/track/7ePvr7zdTbhwT2p3CaUPgn,spotify:track:7ePvr7zdTbhwT2p3CaUPgn
7bxyNLXYaEYaZTxAuQTHlD,"TUCA DONKA","CURSEDEVIL,DJ FKU,Skorde",https://open.spotify.com/track/7bxyNLXYaEYaZTxAuQTHlD,spotify:track:7bxyNLXYaEYaZTxAuQTHlD
1ADRT6U38A4HugZYd7MOsy,"MTG DESESPERANÇA 1.0 - ULTRA SLOWED + REVERB","Phonk Killer,MC MN",https://open.spotify.com/track/1ADRT6U38A4HugZYd7MOsy,spotify:track:1ADRT6U38A4HugZYd7MOsy
3nTrjR697Wt8FVLEIZqwiO,FREETATO,apillsinjuice,https://open.spotify.com/track/3nTrjR697Wt8FVLEIZqwiO,spotify:track:3nTrjR697Wt8FVLEIZqwiO
0KI9Ng0dAKky4E3aG4RQOL,"Hey Brazil!","SXID,Nulteex",https://open.spotify.com/track/0KI9Ng0dAKky4E3aG4RQOL,spotify:track:0KI9Ng0dAKky4E3aG4RQOL
4VL5XwfATZuAVTW471Wpro,"FUNKED UP - SLOWED","xxanteria,isq",https://open.spotify.com/track/4VL5XwfATZuAVTW471Wpro,spotify:track:4VL5XwfATZuAVTW471Wpro
2rCVGFo2htxWlkDwm3klAB,ultraphunk,"dashie,ISXRO,Crazy Mano,Mc Menor Do Alvorada",https://open.spotify.com/track/2rCVGFo2htxWlkDwm3klAB,spotify:track:2rCVGFo2htxWlkDwm3klAB
5lWwun85GRzHiuRsBQowaQ,"Automotivo Insuficiencia",MRL,https://open.spotify.com/track/5lWwun85GRzHiuRsBQowaQ,spotify:track:5lWwun85GRzHiuRsBQowaQ
27UV5DT8KmtoJZe7gO6rIb,"AUTOMOTIVO INSÔNIA 1.0 - SLOWED + REVERB","Phonk Killer",https://open.spotify.com/track/27UV5DT8KmtoJZe7gO6rIb,spotify:track:27UV5DT8KmtoJZe7gO6rIb
0CGXJUeyomMxr5vdGKFxh8,"AUTOMOTIVO BAYSIDE 2.0",TOKYOPHILE,https://open.spotify.com/track/0CGXJUeyomMxr5vdGKFxh8,spotify:track:0CGXJUeyomMxr5vdGKFxh8
7K8X0uaGG1rZxTQxj7071g,PAPTABEK,"merunes,ATLANTIDA,Player_beats",https://open.spotify.com/track/7K8X0uaGG1rZxTQxj7071g,spotify:track:7K8X0uaGG1rZxTQxj7071g
5Gb9H3tfPiEJ3LNZoCrBGJ,"Ela Joga na Hora - slowed","Mc Pogba,DJ Guih Da ZO",https://open.spotify.com/track/5Gb9H3tfPiEJ3LNZoCrBGJ,spotify:track:5Gb9H3tfPiEJ3LNZoCrBGJ
1yJRYTk7LoFwBCRUczMqWa,"Woops - Slowed & Reverb",Ren0wned,https://open.spotify.com/track/1yJRYTk7LoFwBCRUczMqWa,spotify:track:1yJRYTk7LoFwBCRUczMqWa
0F81LFcQMLeBasHmhsyLSZ,"Baile do Coqueiro 5","DJ Vilão DS,DJ WAAN,DJ WOODY ORIGINAL",https://open.spotify.com/track/0F81LFcQMLeBasHmhsyLSZ,spotify:track:0F81LFcQMLeBasHmhsyLSZ
3cjg55upztjI5bIsBQqSN1,THOMAS,"ZWE1HVNDXR,NONTHENSE",https://open.spotify.com/track/3cjg55upztjI5bIsBQqSN1,spotify:track:3cjg55upztjI5bIsBQqSN1
7IBqHkoP94VrgYKVns4eNz,"FUNK DO BOUNCE (Slowed)",Ariis,https://open.spotify.com/track/7IBqHkoP94VrgYKVns4eNz,spotify:track:7IBqHkoP94VrgYKVns4eNz
2mtB0iVIn7gmy1jvKXUHRN,"Vai Me Bota - Slowed","KREZUS,Mc Lysa",https://open.spotify.com/track/2mtB0iVIn7gmy1jvKXUHRN,spotify:track:2mtB0iVIn7gmy1jvKXUHRN
7oTzlQoQkPssRFt54CqfcF,"vortex - slowed",isq,https://open.spotify.com/track/7oTzlQoQkPssRFt54CqfcF,spotify:track:7oTzlQoQkPssRFt54CqfcF
6b9TxTJ0fpwKXuzGFReeVS,"SIKE - SLOWED","DJ FKU,MC MN",https://open.spotify.com/track/6b9TxTJ0fpwKXuzGFReeVS,spotify:track:6b9TxTJ0fpwKXuzGFReeVS
3bQ6ECgoGPgT6cvjOmMPAG,"AURA - Slowed",Ogryzek,https://open.spotify.com/track/3bQ6ECgoGPgT6cvjOmMPAG,spotify:track:3bQ6ECgoGPgT6cvjOmMPAG
51TI85gZWXavUWZfvZrJ10,"MONTAGEM HOLOPIA ZALUPIA 1.0","DJ MOIGUS",https://open.spotify.com/track/51TI85gZWXavUWZfvZrJ10,spotify:track:51TI85gZWXavUWZfvZrJ10
5gJu90j88jM9QhY10el7Bm,"Как на войне","Agatha Christie",https://open.spotify.com/track/5gJu90j88jM9QhY10el7Bm,spotify:track:5gJu90j88jM9QhY10el7Bm
2cMPBRVDmZL48phGwYWXPE,Лирика,"Sektor Gaza",https://open.spotify.com/track/2cMPBRVDmZL48phGwYWXPE,spotify:track:2cMPBRVDmZL48phGwYWXPE
6aUn5bk8nFvwAz5dVwtpjN,"Владивосток 2000","Mumiy Troll",https://open.spotify.com/track/6aUn5bk8nFvwAz5dVwtpjN,spotify:track:6aUn5bk8nFvwAz5dVwtpjN
7nzMU6ive8Zpv6Puqid46W,"Пачка сигарет",Kino,https://open.spotify.com/track/7nzMU6ive8Zpv6Puqid46W,spotify:track:7nzMU6ive8Zpv6Puqid46W
6reaLgs518FETiHfK4KCq2,Утекай,"Mumiy Troll",https://open.spotify.com/track/6reaLgs518FETiHfK4KCq2,spotify:track:6reaLgs518FETiHfK4KCq2
1LMpt3eI40KOudJ4WwldLD,"Skovannye odnoy tsep'ju","Nautilus Pompilius",https://open.spotify.com/track/1LMpt3eI40KOudJ4WwldLD,spotify:track:1LMpt3eI40KOudJ4WwldLD
6dbSNKrEyT6rYMGiDdIOBa,Крылья,"Nautilus Pompilius",https://open.spotify.com/track/6dbSNKrEyT6rYMGiDdIOBa,spotify:track:6dbSNKrEyT6rYMGiDdIOBa
6dbSNKrEyT6rYMGiDdIOBa,Крылья,"Nautilus Pompilius",https://open.spotify.com/track/6dbSNKrEyT6rYMGiDdIOBa,spotify:track:6dbSNKrEyT6rYMGiDdIOBa
2NHe3xzs1HU12owZQV7wQN,"Ты не верь слезам",Shura,https://open.spotify.com/track/2NHe3xzs1HU12owZQV7wQN,spotify:track:2NHe3xzs1HU12owZQV7wQN
5SIOlF0mIbG8yQJhfnAvH0,"Letuchiy fregat","Nautilus Pompilius",https://open.spotify.com/track/5SIOlF0mIbG8yQJhfnAvH0,spotify:track:5SIOlF0mIbG8yQJhfnAvH0
6TRVvpoVFwyYyIGTFh0Y7P,"P&P 1.5","Kendrick Lamar,Ab-Soul",https://open.spotify.com/track/6TRVvpoVFwyYyIGTFh0Y7P,spotify:track:6TRVvpoVFwyYyIGTFh0Y7P
5lE64uyiHhhSwS01VI4pV6,"Buurman Uit Berlijn","MCR-T,Joost",https://open.spotify.com/track/5lE64uyiHhhSwS01VI4pV6,spotify:track:5lE64uyiHhhSwS01VI4pV6
2xEvCnhZMxvvRwaF4le8UV,"COUNT ME IN","Lil Yachty",https://open.spotify.com/track/2xEvCnhZMxvvRwaF4le8UV,spotify:track:2xEvCnhZMxvvRwaF4le8UV
60w2HDJICF5YgHDsQ1kn2r,"King's Dead (with Kendrick Lamar, Future & James Blake)","Jay Rock,Kendrick Lamar,Future,James Blake",https://open.spotify.com/track/60w2HDJICF5YgHDsQ1kn2r,spotify:track:60w2HDJICF5YgHDsQ1kn2r
3oHkMCVJyOcjg5FhfLc2Rq,"A$AP Forever REMIX (feat. Moby, T.I. & Kid Cudi)","A$AP Rocky,Moby,T.I.,Kid Cudi",https://open.spotify.com/track/3oHkMCVJyOcjg5FhfLc2Rq,spotify:track:3oHkMCVJyOcjg5FhfLc2Rq
5uYqmEN6TAAE8ss8YmprNV,"Teen X (feat. Future)","Playboi Carti,Future",https://open.spotify.com/track/5uYqmEN6TAAE8ss8YmprNV,spotify:track:5uYqmEN6TAAE8ss8YmprNV
4lAQfuREAHG8IC0PiiigBt,"Strawberry Peels (feat. Young Thug & Gunna)","Lil Uzi Vert,Gunna,Young Thug",https://open.spotify.com/track/4lAQfuREAHG8IC0PiiigBt,spotify:track:4lAQfuREAHG8IC0PiiigBt
1jDbQz6tr52WgScCTXMnaN,POP,"Lil Uzi Vert",https://open.spotify.com/track/1jDbQz6tr52WgScCTXMnaN,spotify:track:1jDbQz6tr52WgScCTXMnaN
5Dzk0BxRtVs6OOBHlqOhm5,Выключатель,163ONMYNECK,https://open.spotify.com/track/5Dzk0BxRtVs6OOBHlqOhm5,spotify:track:5Dzk0BxRtVs6OOBHlqOhm5
6qZra71fzsZOgmCPwzBKLt,Vlone,FACE,https://open.spotify.com/track/6qZra71fzsZOgmCPwzBKLt,spotify:track:6qZra71fzsZOgmCPwzBKLt
7rbECVPkY5UODxoOUVKZnA,"I Wonder","Kanye West",https://open.spotify.com/track/7rbECVPkY5UODxoOUVKZnA,spotify:track:7rbECVPkY5UODxoOUVKZnA
5EXJH0gMpIO54T1SSlDOcL,ACAB,"Big Baby Tape",https://open.spotify.com/track/5EXJH0gMpIO54T1SSlDOcL,spotify:track:5EXJH0gMpIO54T1SSlDOcL
61604SKj1Chhk2fEZlcy06,"What Do They Know?","Mindless Self Indulgence",https://open.spotify.com/track/61604SKj1Chhk2fEZlcy06,spotify:track:61604SKj1Chhk2fEZlcy06
7lQ8MOhq6IN2w8EYcFNSUk,"Without Me",Eminem,https://open.spotify.com/track/7lQ8MOhq6IN2w8EYcFNSUk,spotify:track:7lQ8MOhq6IN2w8EYcFNSUk
0fv2KH6hac06J86hBUTcSf,"NEW MAGIC WAND","Tyler, The Creator",https://open.spotify.com/track/0fv2KH6hac06J86hBUTcSf,spotify:track:0fv2KH6hac06J86hBUTcSf
5EvF8OdvwB2CQy9Un7eiiI,"The Real Slim Shady",Eminem,https://open.spotify.com/track/5EvF8OdvwB2CQy9Un7eiiI,spotify:track:5EvF8OdvwB2CQy9Un7eiiI
5KbPCz5BwuHVVeEFjaSENq,Witness,"Mindless Self Indulgence",https://open.spotify.com/track/5KbPCz5BwuHVVeEFjaSENq,spotify:track:5KbPCz5BwuHVVeEFjaSENq
119c93MHjrDLJTApCVGpvx,"C.R.E.A.M. (Cash Rules Everything Around Me)","Wu-Tang Clan",https://open.spotify.com/track/119c93MHjrDLJTApCVGpvx,spotify:track:119c93MHjrDLJTApCVGpvx
59fFsGRwFiuhxKDPc1k6xW,"Opp Stoppa (feat. 21 Savage)","YBN Nahmir,21 Savage",https://open.spotify.com/track/59fFsGRwFiuhxKDPc1k6xW,spotify:track:59fFsGRwFiuhxKDPc1k6xW
099MPsZhn5HkEUNlpA89rK,"Brain Damage",Eminem,https://open.spotify.com/track/099MPsZhn5HkEUNlpA89rK,spotify:track:099MPsZhn5HkEUNlpA89rK
5NlUfFPL2z3RWAXy8NcRs8,"Gimme The Loot","Big Baby Tape",https://open.spotify.com/track/5NlUfFPL2z3RWAXy8NcRs8,spotify:track:5NlUfFPL2z3RWAXy8NcRs8
1fkuCuWT3kJCJVqlQKHXNB,Dragonborn,"Big Baby Tape",https://open.spotify.com/track/1fkuCuWT3kJCJVqlQKHXNB,spotify:track:1fkuCuWT3kJCJVqlQKHXNB
4HEicTJ4HkDFiaFF7pJbVW,"Hadouken! (feat. OG Prince)","Big Baby Tape,OG Prince",https://open.spotify.com/track/4HEicTJ4HkDFiaFF7pJbVW,spotify:track:4HEicTJ4HkDFiaFF7pJbVW
4dVpf9jZjcORqGTLUaeYj9,"Plain Jane","A$AP Ferg",https://open.spotify.com/track/4dVpf9jZjcORqGTLUaeYj9,spotify:track:4dVpf9jZjcORqGTLUaeYj9
